video_name,camera_view,position,action_label,start_time,end_time,person_id,stroke_type,final_label,is_bounce
match_03.mp4,baseline,near,serve,2.8,4.307,johns,unknown,serve,0
match_03.mp4,baseline,near,forehand_drive,5.4,6.433,johns,forehand,forehand_drive,1
match_03.mp4,baseline,far,backhand_drive,6.859,7.209,haworth,backhand,backhand_drive,1
match_03.mp4,baseline,far,serve,18.397,19.08,haworth,unknown,serve,0
match_03.mp4,baseline,near,unknown,19.35,20.133,johns,unknown,unknown,-1
match_03.mp4,baseline,far,serve,27.978,28.786,haworth,unknown,serve,0
match_03.mp4,baseline,near,backhand_drive,28.917,29.75,johns,backhand,backhand_drive,1
match_03.mp4,baseline,far,backhand_drive,30.254,30.957,haworth,backhand,backhand_drive,1
match_03.mp4,baseline,near,backhand_drive,31.333,32.283,johns,backhand,backhand_drive,1
match_03.mp4,baseline,far,forehand_drive,32.911,33.584,haworth,forehand,forehand_drive,1
match_03.mp4,baseline,near,volley,33.617,34.15,johns,backhand,backhand_volley,0
match_03.mp4,baseline,far,backhand_drive,34.487,35.073,haworth,backhand,backhand_drive,1
match_03.mp4,baseline,near,volley,35.183,35.9,johns,forehand,forehand_volley,0
match_03.mp4,baseline,far,serve,48.942,49.819,haworth,unknown,serve,0
match_03.mp4,baseline,near,forehand_drive,50.133,50.933,johns,forehand,forehand_drive,1
match_03.mp4,baseline,far,forehand_drive,51.47,51.984,haworth,forehand,forehand_drive,1
match_03.mp4,baseline,near,unknown,52.7,53.2,johns,unknown,unknown,-1
match_03.mp4,baseline,far,forehand_drive,53.966,54.571,haworth,forehand,forehand_drive,1
match_03.mp4,baseline,near,unknown,55.017,55.8,johns,unknown,unknown,-1
match_03.mp4,baseline,far,volley,56.012,56.744,haworth,forehand,forehand_volley,0
match_03.mp4,baseline,near,backhand_drive,71.15,71.833,johns,backhand,backhand_drive,1
match_03.mp4,baseline,far,forehand_drive,72.476,72.973,haworth,forehand,forehand_drive,1
match_03.mp4,baseline,near,volley,73.1,73.8,johns,backhand,backhand_volley,0
match_03.mp4,baseline,far,backhand_drive,74.105,74.618,haworth,backhand,backhand_drive,1
match_03.mp4,baseline,near,volley,74.783,75.133,johns,backhand,backhand_volley,0
match_03.mp4,baseline,far,forehand_drive,75.851,76.543,haworth,forehand,forehand_drive,1
match_03.mp4,baseline,near,volley,76.567,77.05,johns,backhand,backhand_volley,0
match_03.mp4,baseline,far,unknown,77.646,78.305,haworth,unknown,unknown,-1
match_03.mp4,baseline,near,unknown,78.65,80.133,johns,unknown,unknown,-1
match_03.mp4,baseline,far,forehand_drive,96.457,96.909,haworth,forehand,forehand_drive,1
match_03.mp4,baseline,near,unknown,97.167,98.05,johns,unknown,unknown,-1
match_03.mp4,baseline,far,forehand_drive,98.603,99.066,haworth,forehand,forehand_drive,1
match_03.mp4,baseline,near,volley,99.283,99.733,johns,forehand,forehand_volley,0
match_03.mp4,baseline,far,unknown,100.429,100.879,haworth,unknown,unknown,-1
match_03.mp4,baseline,near,unknown,102.883,104.117,johns,unknown,unknown,-1
match_03.mp4,baseline,far,backhand_drive,124.241,124.752,haworth,backhand,backhand_drive,1
match_03.mp4,baseline,near,backhand_drive,125.183,126.1,johns,backhand,backhand_drive,1
match_03.mp4,baseline,far,forehand_drive,126.374,127.052,haworth,forehand,forehand_drive,1
match_03.mp4,baseline,near,unknown,127.4,128.417,johns,unknown,unknown,-1
match_03.mp4,baseline,far,serve,145.08,145.973,haworth,unknown,serve,0
match_03.mp4,baseline,near,unknown,146.083,147.117,johns,unknown,unknown,-1
match_03.mp4,baseline,far,unknown,147.855,148.439,haworth,unknown,unknown,-1
match_03.mp4,baseline,far,backhand_drive,163.051,163.575,haworth,backhand,backhand_drive,1
match_03.mp4,baseline,near,unknown,164.183,164.983,johns,unknown,unknown,-1
match_03.mp4,baseline,far,forehand_drive,165.577,166.248,haworth,forehand,forehand_drive,1
match_03.mp4,baseline,near,volley,166.383,166.9,johns,backhand,backhand_volley,0
match_03.mp4,baseline,far,unknown,167.438,167.807,haworth,unknown,unknown,-1
match_03.mp4,baseline,near,unknown,168.833,169.217,johns,unknown,unknown,-1
match_03.mp4,baseline,near,unknown,183.5,184.55,johns,unknown,unknown,-1
match_03.mp4,baseline,far,forehand_drive,184.894,185.487,haworth,forehand,forehand_drive,1
match_03.mp4,baseline,near,forehand_drive,185.917,186.75,johns,forehand,forehand_drive,1
match_03.mp4,baseline,far,backhand_drive,187.269,187.807,haworth,backhand,backhand_drive,1
match_03.mp4,baseline,near,serve,205.3,206.55,johns,unknown,serve,0
match_03.mp4,baseline,far,backhand_drive,206.834,207.395,haworth,backhand,backhand_drive,1
match_03.mp4,baseline,near,forehand_drive,207.867,208.8,johns,forehand,forehand_drive,1
match_03.mp4,baseline,far,forehand_drive,209.29,209.721,haworth,forehand,forehand_drive,1
match_03.mp4,baseline,near,unknown,210.4,211.267,johns,unknown,unknown,-1
match_03.mp4,baseline,near,backhand_drive,230.933,231.683,johns,backhand,backhand_drive,1
match_03.mp4,baseline,far,backhand_drive,232.262,232.839,haworth,backhand,backhand_drive,1
match_03.mp4,baseline,near,volley,233.35,233.8,johns,backhand,backhand_volley,0
match_03.mp4,baseline,far,forehand_drive,234.358,234.866,haworth,forehand,forehand_drive,1
match_03.mp4,baseline,near,serve,246.5,247.917,johns,unknown,serve,0
match_03.mp4,baseline,far,backhand_drive,248.144,248.659,haworth,backhand,backhand_drive,1
match_03.mp4,baseline,near,backhand_drive,249.1,250.033,johns,backhand,backhand_drive,1
match_03.mp4,baseline,far,forehand_drive,250.669,251.106,haworth,forehand,forehand_drive,1
match_03.mp4,baseline,far,serve,276.856,277.705,haworth,unknown,serve,0
match_03.mp4,baseline,near,backhand_drive,277.767,278.55,johns,backhand,backhand_drive,1
match_03.mp4,baseline,far,forehand_drive,279.204,279.82,haworth,forehand,forehand_drive,1
match_03.mp4,baseline,near,volley,279.783,280.217,johns,forehand,forehand_volley,0
match_03.mp4,baseline,far,backhand_drive,281.045,281.623,haworth,backhand,backhand_drive,1
match_03.mp4,baseline,near,volley,281.717,281.917,johns,forehand,forehand_volley,0
match_03.mp4,baseline,far,serve,292.568,293.424,haworth,unknown,serve,0
match_03.mp4,baseline,near,forehand_drive,293.583,294.367,johns,forehand,forehand_drive,1
match_03.mp4,baseline,far,forehand_drive,294.932,295.572,haworth,forehand,forehand_drive,1
match_03.mp4,baseline,near,forehand_drive,295.9,296.733,johns,forehand,forehand_drive,1
match_03.mp4,baseline,far,backhand_drive,297.275,297.898,haworth,backhand,backhand_drive,1
match_03.mp4,baseline,near,volley,298.0,298.633,johns,forehand,forehand_volley,0
match_03.mp4,baseline,far,backhand_drive,299.046,299.538,haworth,backhand,backhand_drive,1
match_03.mp4,baseline,near,volley,299.55,299.967,johns,forehand,forehand_volley,0
match_03.mp4,baseline,far,volley,300.123,300.54,haworth,backhand,backhand_volley,0
match_03.mp4,baseline,near,serve,315.467,316.75,johns,unknown,serve,0
match_03.mp4,baseline,far,backhand_drive,317.179,317.669,haworth,backhand,backhand_drive,1
match_03.mp4,baseline,near,backhand_drive,318.183,318.917,johns,backhand,backhand_drive,1
match_03.mp4,baseline,far,forehand_drive,319.349,320.016,haworth,forehand,forehand_drive,1
match_03.mp4,baseline,near,unknown,334.167,334.817,johns,unknown,unknown,-1
match_03.mp4,baseline,far,forehand_drive,335.343,335.905,haworth,forehand,forehand_drive,1
match_03.mp4,baseline,near,volley,336.167,336.617,johns,backhand,backhand_volley,0
match_03.mp4,baseline,near,unknown,344.817,345.433,johns,unknown,unknown,-1
match_03.mp4,baseline,near,serve,351.3,352.85,johns,unknown,serve,0
match_03.mp4,baseline,far,backhand_drive,353.082,353.577,haworth,backhand,backhand_drive,1
match_03.mp4,baseline,near,backhand_drive,354.2,354.817,johns,backhand,backhand_drive,1
match_03.mp4,baseline,far,forehand_drive,355.634,356.249,haworth,forehand,forehand_drive,1
match_03.mp4,baseline,near,serve,368.467,369.8,johns,unknown,serve,0
match_03.mp4,baseline,far,forehand_drive,370.118,370.605,haworth,forehand,forehand_drive,1
match_03.mp4,baseline,near,forehand_drive,371.283,372.0,johns,forehand,forehand_drive,1
match_03.mp4,baseline,far,forehand_drive,372.438,372.976,haworth,forehand,forehand_drive,1
match_03.mp4,baseline,near,forehand_drive,373.55,374.233,johns,forehand,forehand_drive,1
match_03.mp4,baseline,far,backhand_drive,374.649,375.201,haworth,backhand,backhand_drive,1
match_03.mp4,baseline,near,backhand_drive,375.717,376.617,johns,backhand,backhand_drive,1
match_03.mp4,baseline,far,backhand_drive,377.303,377.874,haworth,backhand,backhand_drive,1
match_03.mp4,baseline,near,volley,378.017,378.467,johns,forehand,forehand_volley,0
match_03.mp4,baseline,far,unknown,379.246,379.78,haworth,unknown,unknown,-1
match_03.mp4,baseline,near,volley,379.633,380.167,johns,backhand,backhand_volley,0
match_03.mp4,baseline,far,backhand_drive,381.158,381.733,haworth,backhand,backhand_drive,1
match_03.mp4,baseline,near,volley,381.65,382.1,johns,backhand,backhand_volley,0
match_03.mp4,baseline,far,serve,400.28,401.423,haworth,unknown,serve,0
match_03.mp4,baseline,near,unknown,401.65,402.417,johns,unknown,unknown,-1
match_03.mp4,baseline,far,forehand_drive,402.995,403.622,haworth,forehand,forehand_drive,1
match_03.mp4,baseline,far,serve,417.63,418.31,haworth,unknown,serve,0
match_03.mp4,baseline,near,unknown,418.883,419.6,johns,unknown,unknown,-1
match_03.mp4,baseline,far,forehand_drive,420.105,420.805,haworth,forehand,forehand_drive,1
match_03.mp4,baseline,near,volley,420.717,421.283,johns,backhand,backhand_volley,0
match_03.mp4,baseline,far,backhand_drive,422.046,422.628,haworth,backhand,backhand_drive,1
match_03.mp4,baseline,far,serve,439.935,440.695,haworth,unknown,serve,0
match_03.mp4,baseline,near,unknown,440.967,441.9,johns,unknown,unknown,-1
match_03.mp4,baseline,far,backhand_drive,442.305,443.002,haworth,backhand,backhand_drive,1
match_03.mp4,baseline,near,volley,443.183,443.767,johns,backhand,backhand_volley,0
match_03.mp4,baseline,far,forehand_drive,444.355,444.904,haworth,forehand,forehand_drive,1
match_03.mp4,baseline,near,volley,444.933,445.383,johns,backhand,backhand_volley,0
match_03.mp4,baseline,far,forehand_drive,446.007,446.472,haworth,forehand,forehand_drive,1
match_03.mp4,baseline,near,volley,446.583,446.883,johns,backhand,backhand_volley,0
match_03.mp4,baseline,far,unknown,447.386,448.296,haworth,unknown,unknown,-1
match_03.mp4,baseline,near,dink,449.033,450.0,johns,backhand,backhand_dink,1
match_03.mp4,baseline,far,unknown,450.479,450.971,haworth,unknown,unknown,-1
match_03.mp4,baseline,near,smash,451.733,453.2,johns,unknown,smash,1
match_03.mp4,baseline,near,unknown,479.783,480.567,johns,unknown,unknown,-1
match_03.mp4,baseline,far,forehand_drive,480.909,481.357,haworth,forehand,forehand_drive,1
match_03.mp4,baseline,near,unknown,481.733,482.633,johns,unknown,unknown,-1
match_03.mp4,baseline,far,backhand_drive,483.005,483.559,haworth,backhand,backhand_drive,1
match_03.mp4,baseline,near,volley,483.7,484.25,johns,forehand,forehand_volley,0
match_03.mp4,baseline,far,unknown,484.719,485.026,haworth,unknown,unknown,-1
match_03.mp4,baseline,near,volley,485.317,485.733,johns,backhand,backhand_volley,0
match_03.mp4,baseline,far,backhand_drive,486.769,487.223,haworth,backhand,backhand_drive,1
match_03.mp4,baseline,near,dink,487.55,488.8,johns,backhand,backhand_dink,1
match_03.mp4,baseline,near,serve,513.083,514.383,johns,unknown,serve,0
match_03.mp4,baseline,far,backhand_drive,514.667,515.278,haworth,backhand,backhand_drive,1
match_03.mp4,baseline,near,unknown,516.15,516.667,johns,unknown,unknown,-1
match_03.mp4,baseline,far,backhand_drive,517.167,517.66,haworth,backhand,backhand_drive,1
match_03.mp4,baseline,near,volley,517.683,518.367,johns,backhand,backhand_volley,0
match_03.mp4,baseline,far,forehand_drive,518.888,519.411,haworth,forehand,forehand_drive,1
match_03.mp4,baseline,far,serve,539.291,539.938,haworth,unknown,serve,0
match_03.mp4,baseline,near,unknown,540.167,540.817,johns,unknown,unknown,-1
match_03.mp4,baseline,far,forehand_drive,541.416,542.068,haworth,forehand,forehand_drive,1
match_03.mp4,baseline,far,forehand_drive,562.089,562.738,haworth,forehand,forehand_drive,1
match_03.mp4,baseline,near,serve,583.9,585.1,johns,unknown,serve,0
match_03.mp4,baseline,far,backhand_drive,585.346,585.912,haworth,backhand,backhand_drive,1
match_03.mp4,baseline,near,backhand_drive,586.417,587.117,johns,backhand,backhand_drive,1
match_03.mp4,baseline,far,backhand_drive,587.636,588.32,haworth,backhand,backhand_drive,1
match_03.mp4,baseline,near,serve,601.817,603.067,johns,unknown,serve,0
match_03.mp4,baseline,far,forehand_drive,603.397,603.935,haworth,forehand,forehand_drive,1
match_03.mp4,baseline,near,unknown,604.4,605.15,johns,unknown,unknown,-1
match_03.mp4,baseline,far,forehand_drive,605.726,606.315,haworth,forehand,forehand_drive,1
match_03.mp4,baseline,near,unknown,606.833,607.4,johns,unknown,unknown,-1
match_03.mp4,baseline,far,backhand_drive,608.005,608.579,haworth,backhand,backhand_drive,1
match_03.mp4,baseline,near,backhand_drive,625.233,625.833,johns,backhand,backhand_drive,1
match_03.mp4,baseline,far,forehand_drive,626.52,626.962,haworth,forehand,forehand_drive,1
match_03.mp4,baseline,near,serve,643.167,644.433,johns,unknown,serve,0
match_03.mp4,baseline,far,forehand_drive,644.833,645.321,haworth,forehand,forehand_drive,1
match_03.mp4,baseline,near,forehand_drive,645.783,646.533,johns,forehand,forehand_drive,1
match_03.mp4,baseline,far,backhand_drive,667.788,668.434,haworth,backhand,backhand_drive,1
match_03.mp4,baseline,near,dink,668.683,669.6,johns,backhand,backhand_dink,1
match_03.mp4,baseline,far,unknown,670.3,670.787,haworth,forehand,unknown,-1
match_03.mp4,baseline,near,volley,670.75,671.1,johns,backhand,backhand_volley,0
match_03.mp4,baseline,far,serve,686.191,686.885,haworth,unknown,serve,0
match_03.mp4,baseline,near,unknown,687.267,687.933,johns,unknown,unknown,-1
match_03.mp4,baseline,far,forehand_drive,688.512,689.046,haworth,forehand,forehand_drive,1
match_03.mp4,baseline,far,forehand_drive,708.997,709.474,haworth,forehand,forehand_drive,1
match_03.mp4,baseline,near,forehand_drive,709.95,710.833,johns,forehand,forehand_drive,1
match_03.mp4,baseline,far,backhand_drive,711.295,711.833,haworth,backhand,backhand_drive,1
match_03.mp4,baseline,near,forehand_drive,712.6,713.333,johns,forehand,forehand_drive,1
match_03.mp4,baseline,far,backhand_drive,713.805,714.253,haworth,backhand,backhand_drive,1
match_03.mp4,baseline,far,backhand_drive,716.428,716.991,haworth,backhand,backhand_drive,1
match_03.mp4,baseline,far,backhand_drive,719.179,719.759,haworth,backhand,backhand_drive,1
match_03.mp4,baseline,near,unknown,720.083,721.133,johns,unknown,unknown,-1
match_03.mp4,baseline,far,smash,722.99,723.254,haworth,unknown,smash,1
match_03.mp4,baseline,near,unknown,723.25,723.967,johns,unknown,unknown,-1
match_03.mp4,baseline,far,volley,724.176,724.6,haworth,forehand,forehand_volley,0
match_03.mp4,baseline,far,serve,746.79,747.758,haworth,unknown,serve,0
match_03.mp4,baseline,far,serve,757.79,758.924,haworth,unknown,serve,0
match_03.mp4,baseline,near,backhand_drive,759.333,760.033,johns,backhand,backhand_drive,1
match_03.mp4,baseline,far,forehand_drive,760.748,761.309,haworth,forehand,forehand_drive,1
match_03.mp4,baseline,near,volley,761.467,761.767,johns,forehand,forehand_volley,0
match_03.mp4,baseline,far,backhand_drive,762.556,763.148,haworth,backhand,backhand_drive,1
match_03.mp4,baseline,near,volley,763.25,763.633,johns,forehand,forehand_volley,0
match_03.mp4,baseline,far,forehand_drive,764.242,764.565,haworth,forehand,forehand_drive,1
match_03.mp4,baseline,near,forehand_drive,780.2,781.117,johns,forehand,forehand_drive,1
match_03.mp4,baseline,far,forehand_drive,781.723,782.273,haworth,forehand,forehand_drive,1
match_03.mp4,baseline,near,unknown,782.95,783.417,johns,unknown,unknown,-1
match_03.mp4,baseline,far,backhand_drive,783.941,784.55,haworth,backhand,backhand_drive,1
match_03.mp4,baseline,near,serve,794.283,795.133,haworth,unknown,serve,0
match_03.mp4,baseline,far,forehand_drive,795.403,795.873,johns,forehand,forehand_drive,1
match_03.mp4,baseline,near,backhand_drive,796.533,797.433,haworth,backhand,backhand_drive,1
match_03.mp4,baseline,far,volley,797.514,798.02,johns,forehand,forehand_volley,0
match_03.mp4,baseline,far,serve,811.818,812.914,johns,unknown,serve,0
match_03.mp4,baseline,near,forehand_drive,813.283,814.0,haworth,forehand,forehand_drive,1
match_03.mp4,baseline,far,forehand_drive,814.309,814.846,johns,forehand,forehand_drive,1
match_03.mp4,baseline,near,backhand_drive,815.35,816.333,haworth,backhand,backhand_drive,1
match_03.mp4,baseline,near,serve,825.383,826.217,haworth,unknown,serve,0
match_03.mp4,baseline,far,backhand_drive,826.657,827.07,johns,backhand,backhand_drive,1
match_03.mp4,baseline,near,forehand_drive,827.817,828.8,haworth,forehand,forehand_drive,1
match_03.mp4,baseline,far,volley,828.643,829.02,johns,forehand,forehand_volley,0
match_03.mp4,baseline,far,serve,856.4,857.426,johns,unknown,serve,0
match_03.mp4,baseline,near,unknown,858.583,858.6,haworth,unknown,unknown,-1
match_03.mp4,baseline,near,forehand_drive,860.45,861.383,haworth,forehand,forehand_drive,1
match_03.mp4,baseline,near,unknown,863.383,864.05,haworth,backhand,unknown,-1
match_03.mp4,baseline,far,unknown,864.436,864.825,johns,unknown,unknown,-1
match_03.mp4,baseline,near,volley,865.483,866.017,haworth,backhand,backhand_volley,0
match_03.mp4,baseline,far,backhand_drive,866.345,866.777,johns,backhand,backhand_drive,1
match_03.mp4,baseline,near,volley,866.9,867.417,haworth,forehand,forehand_volley,0
match_03.mp4,baseline,far,forehand_drive,867.957,868.436,johns,forehand,forehand_drive,1
match_03.mp4,baseline,near,unknown,869.05,869.667,haworth,unknown,unknown,-1
match_03.mp4,baseline,far,volley,870.028,870.864,johns,backhand,backhand_volley,0
match_03.mp4,baseline,far,serve,889.923,891.249,johns,unknown,serve,0
match_03.mp4,baseline,far,backhand_drive,892.839,893.452,johns,backhand,backhand_drive,1
match_03.mp4,baseline,near,unknown,894.0,894.833,haworth,unknown,unknown,-1
match_03.mp4,baseline,far,volley,895.059,895.337,johns,forehand,forehand_volley,0
match_03.mp4,baseline,near,unknown,895.633,896.3,haworth,unknown,unknown,-1
match_03.mp4,baseline,far,volley,896.271,896.626,johns,backhand,backhand_volley,0
match_03.mp4,baseline,near,unknown,897.55,898.383,haworth,unknown,unknown,-1
match_03.mp4,baseline,far,serve,912.734,913.98,johns,unknown,serve,0
match_03.mp4,baseline,near,forehand_drive,914.3,914.933,haworth,forehand,forehand_drive,1
match_03.mp4,baseline,far,serve,934.337,935.666,johns,unknown,serve,0
match_03.mp4,baseline,near,backhand_drive,935.9,936.817,haworth,backhand,backhand_drive,1
match_03.mp4,baseline,far,forehand_drive,937.32,937.827,johns,forehand,forehand_drive,1
match_03.mp4,baseline,near,backhand_drive,938.383,939.267,haworth,backhand,backhand_drive,1
match_03.mp4,baseline,far,volley,961.288,961.698,johns,forehand,forehand_volley,0
match_03.mp4,baseline,far,volley,963.095,963.456,johns,forehand,forehand_volley,0
match_03.mp4,baseline,near,forehand_drive,963.75,964.717,haworth,forehand,forehand_drive,1
match_03.mp4,baseline,far,volley,964.701,965.013,johns,backhand,backhand_volley,0
match_03.mp4,baseline,near,unknown,965.467,966.217,haworth,unknown,unknown,-1
match_03.mp4,baseline,far,volley,966.383,966.941,johns,backhand,backhand_volley,0
match_03.mp4,baseline,near,unknown,967.583,968.15,haworth,unknown,unknown,-1
match_03.mp4,baseline,far,volley,968.211,968.884,johns,forehand,forehand_volley,0
match_03.mp4,baseline,near,unknown,969.417,970.183,haworth,unknown,unknown,-1
match_03.mp4,baseline,far,smash,970.95,971.71,johns,unknown,smash,1
match_03.mp4,baseline,near,forehand_drive,972.067,972.683,haworth,forehand,forehand_drive,1
match_03.mp4,baseline,far,volley,972.719,973.183,johns,forehand,forehand_volley,0
match_03.mp4,baseline,near,backhand_drive,973.867,974.567,haworth,backhand,backhand_drive,1
match_03.mp4,baseline,near,serve,997.467,998.317,haworth,unknown,serve,0
match_03.mp4,baseline,far,backhand_drive,998.741,999.181,johns,backhand,backhand_drive,1
match_03.mp4,baseline,near,forehand_drive,999.917,1000.617,haworth,forehand,forehand_drive,1
match_03.mp4,baseline,far,volley,1000.644,1001.09,johns,backhand,backhand_volley,0
match_03.mp4,baseline,near,backhand_drive,1001.4,1002.217,haworth,backhand,backhand_drive,1
match_03.mp4,baseline,far,volley,1002.321,1002.71,johns,forehand,forehand_volley,0
match_03.mp4,baseline,near,unknown,1003.417,1003.9,haworth,unknown,unknown,-1
match_03.mp4,baseline,near,serve,1023.783,1024.717,haworth,unknown,serve,0
match_03.mp4,baseline,far,forehand_drive,1024.891,1025.392,johns,forehand,forehand_drive,1
match_03.mp4,baseline,near,backhand_drive,1026.433,1027.017,haworth,backhand,backhand_drive,1
match_03.mp4,baseline,far,volley,1027.066,1027.618,johns,backhand,backhand_volley,0
match_03.mp4,baseline,far,serve,1048.376,1049.531,johns,unknown,serve,0
match_03.mp4,baseline,near,forehand_drive,1049.767,1050.65,haworth,forehand,forehand_drive,1
match_03.mp4,baseline,far,forehand_drive,1051.092,1051.523,johns,forehand,forehand_drive,1
match_03.mp4,baseline,near,backhand_drive,1052.2,1052.85,haworth,backhand,backhand_drive,1
match_03.mp4,baseline,far,volley,1053.096,1053.527,johns,backhand,backhand_volley,0
match_03.mp4,baseline,near,unknown,1053.867,1054.75,haworth,unknown,unknown,-1
match_03.mp4,baseline,far,volley,1054.854,1055.154,johns,backhand,backhand_volley,0
match_03.mp4,baseline,near,unknown,1055.65,1056.617,haworth,unknown,unknown,-1
match_03.mp4,baseline,far,serve,1059.593,1060.457,johns,unknown,serve,0
match_03.mp4,baseline,near,backhand_drive,1060.517,1061.3,haworth,backhand,backhand_drive,1
match_03.mp4,baseline,far,backhand_drive,1061.727,1062.418,johns,backhand,backhand_drive,1
match_03.mp4,baseline,near,forehand_drive,1062.883,1063.683,haworth,forehand,forehand_drive,1
match_03.mp4,baseline,far,volley,1063.735,1064.01,johns,backhand,backhand_volley,0
match_03.mp4,baseline,near,serve,1091.333,1092.1,haworth,unknown,serve,0
match_03.mp4,baseline,far,backhand_drive,1092.463,1093.007,johns,backhand,backhand_drive,1
match_03.mp4,baseline,near,serve,1103.733,1104.483,haworth,unknown,serve,0
match_03.mp4,baseline,far,forehand_drive,1104.819,1105.204,johns,forehand,forehand_drive,1
match_03.mp4,baseline,near,backhand_drive,1105.917,1106.483,haworth,backhand,backhand_drive,1
match_03.mp4,baseline,far,volley,1106.552,1107.033,johns,backhand,backhand_volley,0
match_03.mp4,baseline,near,forehand_drive,1107.85,1108.383,haworth,forehand,forehand_drive,1
match_03.mp4,baseline,far,volley,1108.397,1108.783,johns,backhand,backhand_volley,0
match_03.mp4,baseline,near,backhand_drive,1109.35,1110.217,haworth,backhand,backhand_drive,1
match_03.mp4,baseline,far,forehand_drive,1127.576,1128.162,johns,forehand,forehand_drive,1
match_03.mp4,baseline,near,forehand_drive,1129.683,1129.533,haworth,forehand,forehand_drive,1
match_03.mp4,baseline,near,serve,1145.35,1146.233,haworth,unknown,serve,0
match_03.mp4,baseline,far,forehand_drive,1146.559,1147.069,johns,forehand,forehand_drive,1
match_03.mp4,baseline,near,forehand_drive,1147.6,1148.367,haworth,forehand,forehand_drive,1
match_03.mp4,baseline,near,serve,1164.603,1165.417,haworth,unknown,serve,0
match_03.mp4,baseline,far,forehand_drive,1165.671,1166.114,johns,forehand,forehand_drive,1
match_03.mp4,baseline,near,forehand_drive,1166.75,1167.483,haworth,forehand,forehand_drive,1
match_03.mp4,baseline,near,serve,1175.65,1176.333,haworth,unknown,serve,0
match_03.mp4,baseline,far,forehand_drive,1176.674,1177.063,johns,forehand,forehand_drive,1
match_03.mp4,baseline,near,forehand_drive,1177.8,1178.333,haworth,forehand,forehand_drive,1
match_03.mp4,baseline,far,volley,1178.568,1178.88,johns,backhand,backhand_volley,0
match_03.mp4,baseline,near,unknown,1179.65,1180.35,haworth,unknown,unknown,-1
match_03.mp4,baseline,far,volley,1180.366,1180.673,johns,forehand,forehand_volley,0
match_03.mp4,baseline,near,backhand_drive,1181.083,1181.833,haworth,backhand,backhand_drive,1
match_03.mp4,baseline,far,volley,1181.894,1182.194,johns,forehand,forehand_volley,0
match_03.mp4,baseline,near,unknown,1182.817,1183.45,haworth,unknown,unknown,-1
match_03.mp4,baseline,far,volley,1183.444,1183.78,johns,backhand,backhand_volley,0
match_03.mp4,baseline,far,serve,1198.712,1199.912,johns,unknown,serve,0
match_03.mp4,baseline,near,backhand_drive,1200.167,1200.917,haworth,backhand,backhand_drive,1
match_03.mp4,baseline,far,backhand_drive,1201.353,1201.971,johns,backhand,backhand_drive,1
match_03.mp4,baseline,near,forehand_drive,1202.8,1203.4,haworth,forehand,forehand_drive,1
match_03.mp4,baseline,far,volley,1203.357,1203.647,johns,backhand,backhand_volley,0
match_03.mp4,baseline,near,unknown,1204.417,1204.983,haworth,unknown,unknown,-1
match_03.mp4,baseline,far,volley,1204.944,1205.278,johns,backhand,backhand_volley,0
match_03.mp4,baseline,near,unknown,1205.633,1206.367,haworth,unknown,unknown,-1
match_03.mp4,baseline,far,volley,1206.389,1206.718,johns,forehand,forehand_volley,0
match_03.mp4,baseline,near,unknown,1206.867,1207.65,haworth,unknown,unknown,-1
match_03.mp4,baseline,near,forehand_drive,1236.333,1237.183,haworth,forehand,forehand_drive,1
match_03.mp4,baseline,far,forehand_drive,1237.617,1238.148,johns,forehand,forehand_drive,1
match_03.mp4,baseline,near,backhand_drive,1238.617,1239.4,haworth,backhand,backhand_drive,1
match_03.mp4,baseline,far,volley,1239.511,1239.873,johns,forehand,forehand_volley,0
match_03.mp4,baseline,near,forehand_drive,1240.517,1240.983,haworth,forehand,forehand_drive,1
match_03.mp4,baseline,far,forehand_drive,1261.953,1262.41,johns,forehand,forehand_drive,1
match_03.mp4,baseline,near,forehand_drive,1263.117,1263.85,haworth,forehand,forehand_drive,1
match_03.mp4,baseline,far,serve,1278.436,1279.513,johns,unknown,serve,0
match_03.mp4,baseline,near,forehand_drive,1279.833,1280.5,haworth,forehand,forehand_drive,1
match_03.mp4,baseline,far,forehand_drive,1281.124,1281.63,johns,forehand,forehand_drive,1
match_03.mp4,baseline,near,serve,1294.567,1295.217,haworth,unknown,serve,0
match_03.mp4,baseline,far,unknown,1295.673,1296.357,johns,unknown,unknown,-1
match_03.mp4,baseline,near,backhand_drive,1296.533,1297.417,haworth,backhand,backhand_drive,1
match_03.mp4,baseline,far,volley,1297.486,1297.851,johns,backhand,backhand_volley,0
match_03.mp4,baseline,near,serve,1308.433,1309.417,haworth,unknown,serve,0
match_03.mp4,baseline,far,forehand_drive,1309.718,1310.138,johns,forehand,forehand_drive,1
match_03.mp4,baseline,near,forehand_drive,1310.567,1311.617,haworth,forehand,forehand_drive,1
match_03.mp4,baseline,far,volley,1311.614,1311.967,johns,backhand,backhand_volley,0
match_03.mp4,baseline,near,forehand_drive,1313.083,1313.617,haworth,forehand,forehand_drive,1
match_03.mp4,baseline,far,volley,1313.567,1313.895,johns,backhand,backhand_volley,0
match_03.mp4,baseline,near,unknown,1314.133,1315.4,haworth,unknown,unknown,-1
match_03.mp4,baseline,far,dink,1315.941,1316.384,johns,forehand,forehand_dink,1
match_03.mp4,baseline,near,dink,1317.117,1317.75,haworth,backhand,backhand_dink,1
match_03.mp4,baseline,far,serve,1356.204,1357.385,johns,unknown,serve,0
match_03.mp4,baseline,near,forehand_drive,1357.733,1358.333,haworth,forehand,forehand_drive,1
match_03.mp4,baseline,far,forehand_drive,1358.834,1359.394,johns,forehand,forehand_drive,1
match_03.mp4,baseline,near,volley,1359.5,1359.967,haworth,backhand,backhand_volley,0
match_03.mp4,baseline,near,serve,1381.717,1382.317,haworth,unknown,serve,0
match_03.mp4,baseline,far,forehand_drive,1382.643,1383.037,johns,forehand,forehand_drive,1
match_03.mp4,baseline,near,forehand_drive,1383.7,1384.433,haworth,forehand,forehand_drive,1
match_03.mp4,baseline,far,volley,1384.412,1384.863,johns,forehand,forehand_volley,0
